state-province,web_pages,alpha_two_code,country,name,domains,
Punjab,http://www.davietjal.org/,IN,India,DAV Institute of Engineering & Technology,davietjal.org,
Punjab,http://www.lpu.in/,IN,India,Lovely Professional University,lpu.in,
null,https://somaiya.edu/,IN,India,Somaiya Vidyavihar,somaiya.edu,
Haryana,http://www.ncuindia.edu/,IN,India,NorthCap University,ncuindia.edu,
Gujarat,http://www.ddu.ac.in/,IN,India,Dharamsinh Desai University,ddu.ac.in,
Andhra Pradesh,http://ntruhs.ap.nic.in/,IN,India,University of Health Sciences Andhra Pradesh,ntruhs.ap.nic.in,
null,http://www.aaidu.org/,IN,India,Allahabad Agricultural Institute, Deemed University,aaidu.org,
Assam,http://www.aau.ac.in/,IN,India,Assam Agricultural University,aau.ac.in,
Gujarat,http://www.ahduni.edu.in/,IN,India,Ahmedabad University,ahduni.edu.in,
null,http://www.aiims.ac.in/,IN,India,All India Institute of Medical Sciences,aiims.ac.in,
null,http://www.aisectuniversity.ac.in/,IN,India,AISECT University,aisectuniversity.ac.in,
Tamil Nadu,http://www.alagappauniversity.ac.in/,IN,India,Alagappa University,alagappauniversity.ac.in,
Uttar Pradesh,http://www.alldunivpio.org/,IN,India,Allahabad University,alldunivpio.org,
null,http://www.altmeduniversity.com/,IN,India,Open International University for Alternative Medicines,altmeduniversity.com,
West Bengal,http://www.altmedworld.net/,IN,India,Indian Board of Alternative Medicine,altmedworld.net,
null,http://www.amity.edu/,IN,India,Amity University,amity.edu,
null,http://www.amrita.edu/,IN,India,Amrita Vishwa Vidyapeetham (Deemed University),amrita.edu,
null,http://www.amtuni.com/,IN,India,Amravati University,amtuni.com,
null,http://www.amu.ac.in/,IN,India,Aligarh Muslim University,amu.ac.in,
null,http://www.andhrauniversity.info/,IN,India,Andhra University,andhrauniversity.info,
null,http://www.angrau.net/,IN,India,Acharya Ranga Agricultural University,angrau.net,
Tamil Nadu,http://www.annamalaiuniversity.ac.in/,IN,India,Annamalai University,annamalaiuniversity.ac.in,
Tamil Nadu,http://www.annauniv.edu.in/,IN,India,Anna University of Technology, Tirunelveli,annauniv.edu.in,
Tamil Nadu,http://www.annauniv.edu/,IN,India,Anna University,annauniv.edu,
Madhya Pradesh,http://www.apsurewa.nic.in/,IN,India,Awadhesh Pratap Singh University,apsurewa.nic.in,
Rajasthan,http://www.aryainstitutejpr.com/,IN,India,ARYA Institute of Engineering & Technology,aryainstitutejpr.com,
null,http://www.assamuniversity.nic.in/,IN,India,Assam University,assamuniversity.nic.in,
null,http://www.ayurveduniversity.com/,IN,India,Gujarat Ayurved University,ayurveduniversity.com,
null,http://www.bamu.net/,IN,India,Dr. Babasaheb Ambedkar Marathwada Universtiy,bamu.net,
null,http://www.bamu.nic.in/,IN,India,Berhampur University,bamu.nic.in,
null,http://www.banasthali.org/,IN,India,Banasthali University,banasthali.org,
null,http://www.bankurauniv.com/,IN,India,Bankura University,bankurauniv.com,
null,http://www.bau.nic.in/,IN,India,Birsa Agricultural University,bau.nic.in,
null,http://www.bbauindia.org/,IN,India,Babasaheb Bhimrao Ambedkar University,bbauindia.org,
null,http://www.bckv.edu.in/,IN,India,Bidhan Chandra Agricultural University,bckv.edu.in,
null,http://www.bdu.ernet.in/,IN,India,Bharathidasan University,bdu.ernet.in,
null,http://www.becs.ac.in/,IN,India,Bengal Engineering College,becs.ac.in,
null,http://bengaluruuniversity.com/,IN,India,Bangalore University,bengaluruuniversity.com,
null,http://www.bhagwantuniversity.com/,IN,India,Bhagwant University,bhagwantuniversity.com,
null,http://www.bharathi.ernet.in/,IN,India,Bharathiar University,bharathi.ernet.in,
null,http://www.bharathuniv.com/,IN,India,Bharath Institue Of Higher Education & Research,bharathuniv.com,
null,http://www.bharatividyapeeth.edu/,IN,India,Bharati Vidyapeeth University,bharatividyapeeth.edu,
null,http://www.bhavuni.edu/,IN,India,Bhavnagar University,bhavuni.edu,
null,http://www.bhu.ac.in/,IN,India,Banaras Hindu University,bhu.ac.in,
null,http://bhub.ori.nic.in/ouat/,IN,India,Orissa University of Agriculture and Technology,bhub.ori.nic.in,
null,http://bitmesraranchi.org/,IN,India,Birla Institute of Technology, Ranchi,bitmesraranchi.org,
null,http://www.bits-pilani.ac.in/,IN,India,Birla Institute of Technology and Science,bits-pilani.ac.in,
null,http://www.bnmu.in/,IN,India,Bhupendra Narayan Mandal University,bnmu.in,
null,http://www.bput.org/,IN,India,Biju Pattnaik University of Technology,bput.org,
null,http://www.brabu.net/,IN,India,B. R. Ambedkar Bihar University,brabu.net,
null,http://www.braou.ac.in/,IN,India,Dr. B.R. Ambedkar Open University,braou.ac.in,
null,http://www.nitj.ac.in/,IN,India,Dr. B. R. Ambedkar National Institute of Technology Jalandhar,nitj.ac.in,
null,http://www.brauagra.com/,IN,India,Dr. Bhim Rao Abdekar University,brauagra.com,
null,http://www.bsauniv.ac.in/,IN,India,B. S. Abdur Rahman University,bsauniv.ac.in,
null,http://www.bubhopal.nic.in/,IN,India,Barkatullah University,bubhopal.nic.in,
null,http://www.bundelkhanduniversity.org/,IN,India,Bundelkhand University,bundelkhanduniversity.org,
null,http://www.burdwanuniversity.ac.in/,IN,India,University of Burdwan,burdwanuniversity.ac.in,
null,http://www.caluniv.ac.in/,IN,India,University of Calcutta,caluniv.ac.in,
null,http://www.cau.org.in/,IN,India,Central Agricultural University,cau.org.in,
null,http://www.ccsuniversity.ac.in/,IN,India,Chaudhary Charan Singh University,ccsuniversity.ac.in,
null,http://www.ccsuniversity.org/,IN,India,Ch. Charan Singh University,ccsuniversity.org,
null,http://www.cesbm.ac.in/,IN,India,Center for Entrepreneurship and Small Business Management,cesbm.ac.in,
null,http://www.christuniversity.in/,IN,India,Christ University,christuniversity.in,
null,http://www.ciefl.org/,IN,India,Central Institute of English and Foreign Languages,ciefl.org,
null,http://www.cife.edu.in/,IN,India,Central Institute of Fisheries Education,cife.edu.in,
null,http://www.cihts.ac.in/,IN,India,Central Institute of Higher Tibetan Studies,cihts.ac.in,
null,http://www.cmjuniversity.edu.in/,IN,India,CMJ University,cmjuniversity.edu.in,
null,http://www.csauk.ac.in/,IN,India,Chandra Shekhar Azad University of Agriculture and Technology,csauk.ac.in,
null,http://www.cusat.ac.in/,IN,India,Cochin University of Science and Technology,cusat.ac.in,
null,http://www.cvru.ac.in/,IN,India,Dr. C.V. Raman University,cvru.ac.in,
null,http://www.da-iict.org/,IN,India,Dhirubhai Ambani Institute of Information and Communication Technology,da-iict.org,
null,http://www.darulhuda.com/,IN,India,Darul Huda Islamic University,darulhuda.com,
null,http://www.davuniversity.org/,IN,India,Dav University,davuniversity.org,
null,http://www.davv.ac.in/,IN,India,Devi Ahilya University of Indore,davv.ac.in,
null,http://www.dbatechuni.org/,IN,India,Dr. Babasaheb Ambedkar Technological University,dbatechuni.org,
null,http://www.dbskkv.org/,IN,India,Konkan Agricultural University,dbskkv.org,
null,http://dbs.tn.nic.in/tnau/,IN,India,Tamil Nadu Agricultural University,dbs.tn.nic.in,
null,http://www.dceonline.net/,IN,India,Delhi College of Engineering (DCE),dceonline.net,
null,http://www.ddugu.edu.in/,IN,India,Deen Dayal Upadhyay Gorakhpur University,ddugu.edu.in,
null,http://www.deccancollegepune.ac.in/,IN,India,Deccan College Postgraduate and Research Institute,deccancollegepune.ac.in,
null,http://www.dei.ac.in/,IN,India,Dayalbagh Educational Institute,dei.ac.in,
null,http://www.dibru.ernet.in/,IN,India,Dibrugarh University,dibru.ernet.in,
null,http://www.dravidianuniversity.ac.in/,IN,India,Dravidian University,dravidianuniversity.ac.in,
null,http://www.du.ac.in/,IN,India,University of Delhi,du.ac.in,
null,http://www.dypatiluniversity.org/,IN,India,Dr. D.Y. Patil University,dypatiluniversity.org,
null,http://www.eiilmuniversity.ac.in/,IN,India,Eiilm University,eiilmuniversity.ac.in,
null,http://www.fatimacollege.net/,IN,India,Fatima mata national college kollam kerala,fatimacollege.net,
null,http://fri.icfre.gov.in/,IN,India,Forest Research Institute Dehradun,fri.icfre.gov.in,
null,http://www.gbpuat.ac.in/,IN,India,Govind Ballabh Pant University of Agriculture and Technology,gbpuat.ac.in,
null,http://www.ggu.ac.in/,IN,India,Guru Ghasidas University,ggu.ac.in,
null,http://www.gipe.ernet.in/,IN,India,Gokhale Institute of Politics and Economics,gipe.ernet.in,
null,http://www.gitam.edu/,IN,India,Gandhi Institute of Technology and Managment,gitam.edu,
null,http://www.gju.ernet.in/,IN,India,Guru Jambeshwar University,gju.ernet.in,
null,http://www.gkvharidwar.org/,IN,India,Gurukula Kangri University,gkvharidwar.org,
null,http://www.gnduonline.org/,IN,India,Guru Nanak Dev University,gnduonline.org,
null,http://www.government.ind.in/,IN,India,Global Open University , Nagaland,government.ind.in,
null,http://www.gtu.ac.in/,IN,India,Gujarat Technological University Ahmedabad,gtu.ac.in,
null,http://www.gujaratuniversity.org.in/,IN,India,Gujarat University Ahmedabad,gujaratuniversity.org.in,
null,http://www.gulbargauniversity.kar.nic.in/,IN,India,Gulbarga University,gulbargauniversity.kar.nic.in,
null,http://www.gu.nic.in/,IN,India,Gauhati University,gu.nic.in,
null,http://www.gurukuluniversity.org/,IN,India,Gurukul University,gurukuluniversity.org,
null,http://hau.ernet.in/,IN,India,CCS Haryana Agricultural University,hau.ernet.in,
null,http://www.hau.ernet.in/,IN,India,Chaudhary Charan Singh Haryana Agricultural University,hau.ernet.in,
null,http://hillagric.ernet.in/,IN,India,Himachal Pradesh Agricultural University,hillagric.ernet.in,
null,http://www.hnbgu.ac.in/,IN,India,Hemwati Nandan Bahuguna Garhwal University,hnbgu.ac.in,
null,http://www.hnluraipur.com/,IN,India,Hidayatullah National Law University, Raipur,hnluraipur.com,
null,http://www.hostindia.com/srmc/,IN,India,Sri Ramachardra Medical College and Research Institute,hostindia.com,
null,http://hpuniv.nic.in/,IN,India,Himachal Pradesh University,hpuniv.nic.in,
null,http://www.iari.ernet.in/,IN,India,Indian Agricultural Research Institute,iari.ernet.in,
null,http://www.iaseduniv.org/,IN,India,IASE (Institute of Advanced Studies) Deemed University,iaseduniv.org,
null,http://www.icfai.org/,IN,India,ICFAI University,icfai.org,
null,https://www.iudehradun.edu.in/,IN,India,ICFAI University, Dehradun,iudehradun.edu.in,
null,https://www.iutripura.edu.in/,IN,India,ICFAI University, Tripura,iutripura.edu.in,
null,https://www.iusikkim.edu.in/,IN,India,ICFAI University, Sikkim,iusikkim.edu.in,
null,https://www.iumizoram.edu.in/,IN,India,ICFAI University, Mizoram,iumizoram.edu.in,
null,https://www.iumeghalaya.edu.in/,IN,India,ICFAI University, Meghalaya,iumeghalaya.edu.in,
null,https://www.iujharkhand.edu.in/,IN,India,ICFAI University, Jharkhand,iujharkhand.edu.in,
null,https://www.iunagaland.edu.in/,IN,India,ICFAI University, Nagaland,iunagaland.edu.in,
null,https://www.iujaipur.edu.in/,IN,India,ICFAI University, Jaipur,iujaipur.edu.in,
null,https://www.iuraipur.edu.in/,IN,India,ICFAI University, Raipur,iuraipur.edu.in,
null,https://www.iuhimachal.edu.in/,IN,India,ICFAI University, Himachal Pradesh,iuhimachal.edu.in,
null,https://www.ifheindia.org/,IN,India,ICFAI University, Hyderabad,ifheindia.org,
null,http://www.igau.edu.in/,IN,India,Indira Gandhi Agricultural University,igau.edu.in,
null,http://www.igidr.ac.in/,IN,India,Indira Gandhi Institute of Development and Research,igidr.ac.in,
null,http://www.igims.org/,IN,India,Indira Gandhi Institute of Medical Sciences,igims.org,
null,http://www.ignou.ac.in/,IN,India,Indira Gandhi National Open University,ignou.ac.in,
null,http://www.iiita.com/,IN,India,Indian Institute of Information Technology,iiita.com,
null,http://www.iiitmk.ac.in/,IN,India,Indian Institute of Information Technology and Management - Kerala,iiitmk.ac.in,
null,http://www.iiitm.ac.in/,IN,India,Indian Institute of Information Technology and Management - Gwalior,iiitm.ac.in,
null,http://www.iiitd.ac.in/,IN,India,Indraprastha Institute of Information Technology, Delhi,iiitd.ac.in,
null,www.isquareit.ac.in/,IN,India,International Institute of Information Technology, Pune,squareit.ac.in,
null,www.iiit-bh.ac.in/,IN,India,International Institute of Information Technology, Bhubaneswar,iiit-bh.ac.in,
null,www.iiitb.ac.in/,IN,India,International Institute of Information Technology, Bangalore,iiitb.ac.in,
null,http://www.iimtrichy.ac.in/,IN,India,Indian Institute of Management, Tiruchirappalli,iimtrichy.ac.in,
null,http://www.iimtrichy.ac.in/,IN,India,Indian Institute of Information Technology, Guwahati,iiitg.ac.in,
null,http://iiitvadodara.ac.in/,IN,India,Indian Institute of Information Technology, Vadodara,iiitvadodara.ac.in,
null,http://iiitkota.ac.in/,IN,India,Indian Institute of Information Technology, Kota,iiitkota.ac.in,
null,http://www.iipsindia.org/,IN,India,International Institute for Population Sciences,iipsindia.org,
null,http://www.iisc.ernet.in/,IN,India,Indian Institute of Science,iisc.ernet.in,
null,http://www.iitb.ac.in/,IN,India,Indian Institute of Technology, Bombay,iitb.ac.in,
null,http://www.iitd.ernet.in/,IN,India,Indian Institute of Technology, Delhi,iitd.ernet.in,
null,https://iitgn.ac.in/,IN,India,Indian Institute of Technology, Gandhinagar,iitgn.ac.in,
null,http://www.iitg.ernet.in/,http://www.iitg.ac.in/,IN,India,Indian Institute of Technology, Guwahati,iitg.ernet.in,iitg.ac.in,
null,http://www.iith.ac.in/,IN,India,Indian Institute of Technology, Hyderabad,iith.ac.in,
null,http://www.iitk.ac.in/,IN,India,Indian Institute of Technology, Kanpur,iitk.ac.in,
null,http://www.iitkgp.ernet.in/,IN,India,Indian Institute of Technology, Kharagpur,iitkgp.ernet.in,
null,http://www.iitm.ac.in/,IN,India,Indian Institute of Technology, Madras,iitm.ac.in,
null,https://www.mitindia.edu/en/,IN,India,Madras Institute of Technology,mitindia.edu,
null,http://www.iitr.ac.in/,IN,India,Indian Institute of Technology, Roorkee,iitr.ac.in,
null,http://www.iitp.ac.in/,IN,India,Indian Institute of Technology, Patna,iitp.ac.in,
null,http://www.iiti.ac.in/,IN,India,Indian Institute of Technology, Indore,iiti.ac.in,
null,http://www.iitj.ac.in/,IN,India,Indian Institute of Technology, Jodhpur,iitj.ac.in,
null,http://www.iksvv.com/,IN,India,University of Music and Fine Arts,iksvv.com,
null,http://www.ilidelhi.org/,IN,India,Indian Law Institue,ilidelhi.org,
null,http://www.indusuni.ac.in/,IN,India,Indus University,indusuni.ac.in,
null,http://www.integraluniversity.ac.in/,IN,India,Integral University,integraluniversity.ac.in,
null,http://www.ipu.ac.in/,IN,India,Guru Gobind Singh Indraprastha University,ipu.ac.in,
null,http://isbm.org.in/,IN,India,Indian School of Business Management and Administration,isbm.org.in,
null,http://www.isical.ac.in/,IN,India,Indian Statistical Institute,isical.ac.in,
null,http://www.ismdhanbad.ac.in/,IN,India,Indian School of Mines (ISM),ismdhanbad.ac.in,
null,http://www.itmindia.edu/,IN,India,Institute of Technology and Management,itmindia.edu,
null,http://www.iur.ac.in/,IN,India,Indian University,iur.ac.in,
null,http://www.ivri.nic.in/,IN,India,Indian Veterinary Research Institute,ivri.nic.in,
null,http://www.jadavpur.edu/,IN,India,Jadavpur University,jadavpur.edu,
null,http://www.jainuniversity.org/,IN,India,First Global University to teaching Jainism,jainuniversity.org,
null,http://www.jamiahamdard.edu/,IN,India,Jamia Hamdard University,jamiahamdard.edu,
null,http://www.jammuvarsity.org/,IN,India,University of Jammu,jammuvarsity.org,
null,http://www.jiit.ac.in/,IN,India,Jaypee Institute of Information Technology,jiit.ac.in,
null,http://www.jiwaji.edu/,IN,India,Jiwaji University,jiwaji.edu,
null,http://jmi.nic.in/,IN,India,Jamia Millia Islamia University,jmi.nic.in,
null,http://www.jncasr.ac.in/,IN,India,Jawaharlal Nehru Centre for Advanced  Scientific Research,jncasr.ac.in,
null,http://www.jnkvv.nic.in/,IN,India,Jawaharlal Nehru Agricultural University,jnkvv.nic.in,
null,http://www.jntu.ac.in/,IN,India,Jawaharlal Nehru Technological University,jntu.ac.in,
null,http://www.jnu.ac.in/,IN,India,Jawaharlal Nehru University,jnu.ac.in,
null,http://www.jnujaipur.ac.in/,IN,India,Jaipur National University,jnujaipur.ac.in,
null,http://www.jodhpurnationaluniversity.com/,IN,India,Jodhpur National University,jodhpurnationaluniversity.com,
null,http://jpv.bih.nic.in/,IN,India,Jai Prakash University,jpv.bih.nic.in,
null,http://www.jrnrvu.org/,IN,India,Rajasthan Vidyapeeth University,jrnrvu.org,
null,http://www.jvbi.ac.in/,IN,India,Jain Vishva Bharati Institute,jvbi.ac.in,
null,http://www.kalingauniversity.com/,IN,India,Kalinga University,kalingauniversity.com,
null,http://www.kanchiuniv.ac.in/,IN,India,Sri Chandrasekharendra Saraswathi Viswa Mahavidyalaya,kanchiuniv.ac.in,
null,http://www.kannadauniversity.org/,IN,India,Kannada University,kannadauniversity.org,
null,http://www.kannuruniversity.ac.in/,IN,India,Kannur University,kannuruniversity.ac.in,
null,http://www.kanpuruniversity.org/,IN,India,Chhatrapati Shahu Ji Maharaj University,kanpuruniversity.org,
null,http://www.kanpuruniversity.org/,IN,India,Kanpur University,kanpuruniversity.org,
null,http://www.karnatakastateopenuniversity.in/,IN,India,Karnataka State Open University,karnatakastateopenuniversity.in,
null,http://www.karpagamuniv.com/,IN,India,Karpagam University,karpagamuniv.com,
null,http://www.karunya.edu/,IN,India,Karunya Institute Of Technology ( Deemed University),karunya.edu,
null,http://kashmiruniversity.net/,IN,India,University of Kashmir,kashmiruniversity.net,
null,http://www.kau.edu/,IN,India,Kerala Agricultural University,kau.edu,
null,http://www.keralauniversity.ac.in/,IN,India,University of Kerala,keralauniversity.ac.in,
null,http://kimi.kohinoor.ac.in/,IN,India,Kohinoor School of Hospitality Management,kimi.kohinoor.ac.in,
null,http://www.klyuniv.ac.in/,IN,India,University of Kalyani,klyuniv.ac.in,
null,http://www.krishnauniversity.ac.in/,IN,India,Krishna University,krishnauniversity.ac.in,
null,http://www.ksdsu.edu.in/,IN,India,Kameshwar Singh Darbhanga Sanskrit University,ksdsu.edu.in,
null,http://www.kslu.ac.in/,IN,India,Karnataka State Law University,kslu.ac.in,
null,http://www.kud.ac.in/,IN,India,Karnatak University,kud.ac.in,
null,http://www.kufos.ac.in/,IN,India,Kerala University of Fisheries and Ocean Sciences,kufos.ac.in,
null,http://www.kukinfo.com/,IN,India,Kurukshetra University,kukinfo.com,
null,http://www.kct.ac.in/,IN,India,Kumaraguru College of Technology,kct.ac.in,
null,http://www.kumaununiversity.org/,IN,India,Kumaun University,kumaununiversity.org,
null,http://www.kuvempu.ac.in/,IN,India,Kuvempu University,kuvempu.ac.in,
null,http://www.kuwarangal.com/,IN,India,Kakatiya University,kuwarangal.com,
null,http://www.ldceahd.org/,IN,India,L.D.College of Engineering,ldceahd.org,
null,http://www.lnipe.edu/,IN,India,Lakshmibai National Institute of Physical Education,lnipe.edu,
null,http://lnmu.bih.nic.in/,IN,India,Lalit Narayan Mithila University,lnmu.bih.nic.in,
null,http://www.lucknowuniv.org/,IN,India,University of Lucknow,lucknowuniv.org,
null,http://www.macfast.org/,IN,India,Mar Athanasios College for Advanced Studies,macfast.org,
null,http://www.magadhuniversity.org/,IN,India,Magadh University,magadhuniversity.org,
null,http://www.mangaloreuniversity.ac.in/,IN,India,Mangalore University,mangaloreuniversity.ac.in,
null,http://www.manipal.edu/,IN,India,Manipal University,manipal.edu,
null,http://www.manipur.nic.in/maniuniversity.htm,IN,India,Manipur University,manipur.nic.in,
null,http://www.manuu.ac.in/,IN,India,Moulana Azad national Urdu University,manuu.ac.in,
null,http://www.mcu.ac.in/,IN,India,Makanlal Chutur Vedi University,mcu.ac.in,
null,http://www.mcu.ac.in/,IN,India,Makhanlal Chaturvedi National University of Journalism and Communication,mcu.ac.in,
null,http://www.mdsuajmer.ac.in/,IN,India,Maharshi Dayanand Sarswati University Ajmer,mdsuajmer.ac.in,
null,http://www.mdurohtak.com/,IN,India,Maharishi Dayanand University, Rohtak (Haryana ),mdurohtak.com,
null,http://www.mgkvp.ac.in/,IN,India,Mahatma Gandhi Kashi Vidyapith,mgkvp.ac.in,
null,http://www.mgsubikaner.ac.in/,IN,India,Maharaja Ganga Singh University, Bikaner,mgsubikaner.ac.in,
null,http://www.mgu.ac.in/,IN,India,Mahatma Gandhi University, Kerala,mgu.ac.in,
null,http://www.mjpru.ac.in/,IN,India,Mahatma Jyotiba Phule Rohilkhand University Bareilly,mjpru.ac.in,
null,http://www.mkuhyd.com/,IN,India,Madurai Kamaraj University,mkuhyd.com,
null,http://mkv2.mah.nic.in/,IN,India,Marathwada Agricultural University,mkv2.mah.nic.in,
null,http://www.mlsu.ac.in/,IN,India,Mohan Lal Sukhadia University,mlsu.ac.in,
null,http://www.mnnit.ac.in/,IN,India,Motilal Nehru National Institute Of Technology,mnnit.ac.in,
null,http://www.mpbou.org/,IN,India,Madhya Pradesh Bhoj (Open) University,mpbou.org,
null,http://mpkv.mah.nic.in/,IN,India,Mahatma Phule Agricultural University,mpkv.mah.nic.in,
null,http://www.msubaroda.ac.in/,IN,India,Maharaja Sayajirao University of Baroda,msubaroda.ac.in,
null,http://www.mu.ac.in/,IN,India,University of Mumbai,mu.ac.in,
null,http://www.nagarjunauniversity.ac.in/,IN,India,Acharya Nagarjuna University,nagarjunauniversity.ac.in,
null,http://www.nagauniv.org.in/,IN,India,Nagaland University,nagauniv.org.in,
null,http://www.nagpur-university.com/,IN,India,Nagpur University,nagpur-university.com,
null,http://www.nalandaopenuniversity.info/,IN,India,Nalanda Open University,nalandaopenuniversity.info,
null,http://www.nationalmuseumindia.org/nmi/index.htm,IN,India,National Museum Institute of History of Art, Conservation and Museology,nationalmuseumindia.org,
null,http://www.nbu.ac.in/,IN,India,University of North Bengal,nbu.ac.in,
null,http://ndri.nic.in/,IN,India,National Dairy Research Institute,ndri.nic.in,
null,http://www.nduat.nic.in/,IN,India,Narendra Deva University of Agriculture and Technology,nduat.nic.in,
null,http://www.nehu.ac.in/,IN,India,North Eastern Hill University,nehu.ac.in,
null,http://www.ngu.ac.in/,IN,India,Hemchandracharay North Gujarat University,ngu.ac.in,
null,http://www.nimhans.kar.nic.in/,IN,India,National Institute of Mental Health and Neuro Sciences,nimhans.kar.nic.in,
null,http://nims.ap.nic.in/,IN,India,Nizam's Institute of Medical Sciences,nims.ap.nic.in,
null,http://www.nims.net.in/,IN,India,Institute of Management Studies,nims.net.in,
null,http://www.nirmauni.ac.in/,IN,India,Nirma University,nirmauni.ac.in,
null,http://www.nitie.edu/,IN,India,National Institute of Industrial Engineering,nitie.edu,
null,http://www.nita.ac.in/,IN,India,National Institute of Technology Agartala,nita.ac.in,
null,http://www.nitandhra.ac.in/,IN,India,National Institute of Technology Andhra Pradesh,nitandhra.ac.in,
null,http://www.nitap.in/,IN,India,National Institute of Technology Arunachal Pradesh,nitap.in,
null,http://www.nitc.ac.in/,IN,India,National Institute of Technology Calicut,nitc.ac.in,
null,http://www.nitdelhi.ac.in/,IN,India,National Institute of Technology Delhi,nitdelhi.ac.in,
null,http://www.nitdgp.ac.in/,IN,India,National Institute of Technology Durgapur,nitdgp.ac.in,
null,http://www.nitgoa.ac.in/,IN,India,National Institute of Technology Goa,nitgoa.ac.in,
null,http://www.nith.ac.in/,IN,India,National Institute of Technology Hamirpur,nith.ac.in,
null,http://www.nitjsr.ac.in/,IN,India,National Institute of Technology Jamshedpur,nitjsr.ac.in,
null,http://www.nitkkr.net/,IN,India,National Institute of Technology Kurukshetra,nitkkr.net,
null,http://www.nitmanipur.ac.in,IN,India,National Institute of Technology Manipur,nitmanipur.ac.in,
null,http://www.nitm.ac.in,IN,India,National Institute of Technology Meghalaya,nitm.ac.in,
null,http://www.nitmz.ac.in,IN,India,National Institute of Technology Mizoram,nitmz.ac.in,
null,http://www.nitnagaland.ac.in,IN,India,National Institute of Technology Nagaland,nitnagaland.ac.in,
null,http://www.nitp.ac.in,IN,India,National Institute of Technology Patna,nitp.ac.in,
null,http://www.nitpy.ac.in,IN,India,National Institute of Technology Puducherry,nitpy.ac.in,
null,http://www.nitrr.ac.in,IN,India,National Institute of Technology Raipur,nitrr.ac.in,
null,http://www.nitrkl.ac.in/,IN,India,National Institute of Technology Rourkela,nitrkl.ac.in,
null,http://www.nitsikkim.ac.in/,IN,India,National Institute of Technology Sikkim,nitsikkim.ac.in,
null,http://www.nits.ac.in/,IN,India,National Institute of Technology Silchar,nits.ac.in,
null,http://www.nitsri.net/,IN,India,National Institute of Technology Srinagar,nitsri.net,
null,http://www.nitk.ac.in/,IN,India,National Institute of Technology Surathkal,nitk.ac.in,
null,http://www.nitt.edu/,IN,India,National Institute of Technology Trichy,nitt.edu,
null,http://www.nituk.ac.in/,IN,India,National Institute of Technology Uttarakhand,nituk.ac.in,
null,http://www.nitw.ernet.in/,IN,India,National Institute of Technology Warangal,nitw.ernet.in,
null,http://www.nls.ac.in/,IN,India,National Law School of India University,nls.ac.in,
null,http://www.nmims.edu/,IN,India,Narsee Monjee Institute of Management Studies,nmims.edu,
null,http://www.nmu.ac.in/,IN,India,North Maharashtra University,nmu.ac.in,
null,http://www.nsit.ac.in/,IN,India,Netaji Subhas Institute of Technology,nsit.ac.in,
null,http://www.osmania.ac.in/,IN,India,Osmania University,osmania.ac.in,
null,http://www.padmavatiwomen-univ.org/,IN,India,Sri Padmavati Women's University,padmavatiwomen-univ.org,
null,http://www.pdpu.ac.in/,IN,India,Pandit Deendayal Petroleum University,pdpu.ac.in,
null,http://www.pau.edu/,IN,India,Punjab Agricultural University,pau.edu,
null,http://www.pdkv.ac.in/,IN,India,Dr. Panjabrao Deshmukh Krishi Vidyapeeth,pdkv.ac.in,
null,http://www.paruluniversity.ac.in/,IN,India,Parul University,paruluniversity.ac.in,
null,http://www.pec.ac.in/,IN,India,Punjab Engineering College,pec.ac.in,
null,http://www.pes.edu/,IN,India,Pes University,pes.edu,
null,http://www.pgimer.nic.in/,IN,India,Postgraduate lnstitute of Medical Education and Research,pgimer.nic.in,
null,http://www.pondiuni.org/,IN,India,Pondicherry University,pondiuni.org,
null,http://www.psgtech.edu/,IN,India,PSG College of Technology,psgtech.edu,
null,http://www.ptetjnvu.org/,IN,India,Jai Narain Vyas University,ptetjnvu.org,
null,http://www.ptu.ac.in/,IN,India,Punjab Technical University,ptu.ac.in,
null,http://www.puchd.ac.in/,IN,India,Panjab University,puchd.ac.in,
null,http://www.punjabiuniversity.ac.in/,IN,India,Punjabi University Patiala,punjabiuniversity.ac.in,
null,http://puonline.bih.nic.in/,IN,India,Patna University,puonline.bih.nic.in,
null,http://www.pusavarsity.org.in/,IN,India,Rajendra Agricultural University,pusavarsity.org.in,
null,http://www.rabindrabharatiuniversity.net/,IN,India,Rabindra Bharati University,rabindrabharatiuniversity.net,
null,http://www.ranchiuniversity.org.in/,IN,India,Ranchi University,ranchiuniversity.org.in,
null,http://www.raubikaner.org/,IN,India,Rajasthan Agricultural University, Bikaner,raubikaner.org,
null,http://www.rdunijbpin.org/,IN,India,Rani Durgavati University,rdunijbpin.org,
null,http://www.rgtu.net/,IN,India,Rajiv Gandhi Technical University (University of Technology of Madhya Pradesh),rgtu.net,
null,http://www.rgu.ac.in/,IN,India,Rajiv Gandhi University,rgu.ac.in,
null,http://www.riths.ac.in/,IN,India,Rajitlal Institute of Technology & Health Sciences (RITHS),riths.ac.in,
null,http://www.rmlau.ac.in/,IN,India,Dr. Ram Manohar Lohia Avadh University,rmlau.ac.in,
null,http://www.rsuniversity.com/,IN,India,Pandit Ravi Shankar Shukla University,rsuniversity.com,
null,http://www.rtu.ac.in/,IN,India,Rajasthan Technical University,rtu.ac.in,
null,http://www.ruraluniversity-chitrakoot.org/,IN,India,Mahatma Gandhi Chitrakut Gramoday University,ruraluniversity-chitrakoot.org,
null,http://www.sagaruniversity.nic.in/,IN,India,Dr. Hari Singh Gour University, formerly University of Sagar,sagaruniversity.nic.in,
null,http://www.sambalpuruniversitypgc.in/,IN,India,Sambalpur University,sambalpuruniversitypgc.in,
null,http://www.sanskrit.nic.in/,IN,India,National Sanskrit University,sanskrit.nic.in,
null,http://www.sastra.edu/,IN,India,SASTRA Deemed University,sastra.edu,
null,http://www.sathyabamauniv.ac.in/,IN,India,Sathyabama University,sathyabamauniv.ac.in,
null,http://www.saurashtrauniversity.edu/,IN,India,Saurashtra University,saurashtrauniversity.edu,
null,http://www.sce.ac.in/,IN,India,Shanmugha Arts Science Technology and Research Academy,sce.ac.in,
null,http://sctimst.ker.nic.in/,IN,India,Sree Chitra Tirunal Institute for Medical Sciences and Technology,sctimst.ker.nic.in,
null,http://www.sdau.edu.in/,IN,India,Sardarkrushinagar Dantiwada Agricultural University,sdau.edu.in,
null,http://www.sgpgi.ac.in/,IN,India,Sanjay Gandhi Postgraduate lnstitute of Medical Sciences,sgpgi.ac.in,
null,http://www.sgu.ernet.in/,IN,India,South Gujarat University,sgu.ernet.in,
null,http://www.shobhituniversity.ac.in/,IN,India,Shobhit University, Meerut,shobhituniversity.ac.in,
null,http://www.shridharuniversity.ac.in/,IN,India,Shridhar University,shridharuniversity.ac.in,
null,http://www.simhapuriuniv.ac.in/,IN,India,Vikrama Simhapuri University,simhapuriuniv.ac.in,
null,http://www.siu.edu.in/,IN,India,Symbiosis International University,siu.edu.in,
null,http://www.sjsv.nic.in/,IN,India,Shri Jagannath Sanskrit University,sjsv.nic.in,
null,http://www.skmu.edu.in/,IN,India,Sido Kanhu Murmu University,skmu.edu.in,
null,http://www.skuastkashmir.ac.in/,IN,India,Sher-E-Kashmir University of Agricultural Sciences and Technology,skuastkashmir.ac.in,
null,http://skuniv.ap.nic.in/,IN,India,Sri Krishnadevaraya University,skuniv.ap.nic.in,
null,http://www.slbsrsv.ac.in/,IN,India,Shri Lal Bahadur Shastri Rashtriya Sanskrit Vidyapeetha,slbsrsv.ac.in,
null,http://www.smkfomra.net/,IN,India,SMK Fomra Institute of Technology,smkfomra.net,
null,http://www.smu.edu.in/,IN,India,Sikkim Manipal University of Health, Medical and Technological Sciences,smu.edu.in,
null,http://www.sndt.edu/,IN,India,Shreemati Nathibai Damodar Thackersey Women's University,sndt.edu,
null,http://www.soauniversity.ac.in/,IN,India,Sikha 'O' Anushandhan University,soauniversity.ac.in,
null,http://www.southasianuniversity.org/,IN,India,South Asian University,southasianuniversity.org,
null,http://www.spa.ac.in/,IN,India,School of Planning and Architecture,spa.ac.in,
null,http://www.spuniv.org/,IN,India,Periyar University,spuniv.org,
null,http://www.spuvvn.edu/,IN,India,Sardar Patel University,spuvvn.edu,
null,http://www.srisathyasai.org.in/pages/instts/HighLearn.htm,IN,India,Sri Sathya Sai Institute of Higher Learning,srisathyasai.org.in,
null,http://www.srkdc.org/,IN,India,Sree Rama Krishna Degree College,srkdc.org,
Tamil Nadu,http://www.srmuniv.ac.in/,IN,India,SRM Institute Of Science & Technology ( Deemed University),srmuniv.ac.in,
null,http://www.srtmun.org/,IN,India,Swami Ramanand Teerth Marathwada University,srtmun.org,
null,http://www.ssgmce.org/,IN,India,Sri Sant Gajanan Maharaj College of Engineering,ssgmce.org,
null,http://www.ssus.ac.in/,IN,India,Sree Sankaracharya University of Sanskrit,ssus.ac.in,
null,http://ssvv.up.nic.in/,IN,India,Sampurnanand Sanskrit University,ssvv.up.nic.in,
null,http://su.digitaluniversity.ac/,IN,India,Solapur University,su.digitaluniversity.ac,
null,http://www.svbpuctm.org/,IN,India,Sardar Vallabhai Patel University of Agriculture Amd Technology,svbpuctm.org,
null,http://www.svnit.ac.in/,IN,India,Sardar Vallabhbhai National Institute of Technology,svnit.ac.in,
null,http://svimstpt.ap.nic.in/,IN,India,Sri Venkateswara Institute of Medical Sciences,svimstpt.ap.nic.in,
null,http://svuni.ap.nic.in/,IN,India,Sri Venkateswara University,svuni.ap.nic.in,
null,http://www.tamiluniversity.ac.in/,IN,India,Tamil University,tamiluniversity.ac.in,
null,http://www.tanuvas.com/,IN,India,Tamil Nadu Veterinary and Animal Sciences University,tanuvas.com,
null,http://www.tce.edu/,IN,India,Thiagarajar College of Engineering,tce.edu,
null,http://www.teluguuniversity.ac.in/,IN,India,Potti Sreeramulu Telugu University,teluguuniversity.ac.in,
null,http://www.teluguuniversity.ac.in/,IN,India,Telugu University,teluguuniversity.ac.in,
null,http://www.tezu.ernet.in/,IN,India,Tezpur University,tezu.ernet.in,
null,http://www.thenewcollege.org/,IN,India,The New College,thenewcollege.org,
null,http://www.tiet.ac.in/,IN,India,Thapar Institute of Engineering and Technology,tiet.ac.in,
null,http://www.tiss.edu/,IN,India,Tata Institute of Social Sciences,tiss.edu,
null,http://www.tmbu.org/,IN,India,Tilka Manjhi Bhagalpur University,tmbu.org,
null,http://www.tmv.edu.in/,IN,India,Tilak Maharashtra Vidyapeeth,tmv.edu.in,
null,http://www.tndalu.org/,IN,India,Tamil Nadu Dr. Ambedkar Law University,tndalu.org,
null,http://www.tnmmu.ac.in/,IN,India,Tamil Nadu Dr. M.G.R. Medical University,tnmmu.ac.in,
null,http://www.tnuniv.ac.in/adu/,IN,India,Avinashilingam Institute for Home Science and Higher Education for Women,tnuniv.ac.in,
null,http://www.tnuniv.ac.in/gri/,IN,India,Gandhigram Rural Institute,tnuniv.ac.in,
null,http://www.tnuniv.ac.in/msu/,IN,India,Manonmaniam Sundaranar University,tnuniv.ac.in,
null,http://www.tnuniv.ac.in/mteresa/,IN,India,Mother Teresa Women's University,tnuniv.ac.in,
null,http://www.manit.ac.in/,IN,India,Maulana Azad National Institute of Technology Bhopal,manit.ac.in,
null,http://www.mnit.ac.in/,IN,India,Malaviya National Institute of Technology Jaipur,mnit.ac.in,
null,http://www.tripurauniv.in/,IN,India,Tripura University,tripurauniv.in,
null,http://www.tshmc.org/,IN,India,Takhatmal Shrivallabh Homoeopathic Medical College,tshmc.org,
null,http://www.tumkuruniversity.ac.in/,IN,India,Tumkur University,tumkuruniversity.ac.in,
null,http://www.tvuni.in/,IN,India,Thiruvalluvar University,tvuni.in,
null,http://uasbng.kar.nic.in/,IN,India,University of Agricultural Sciences, Bangalore,uasbng.kar.nic.in,
null,http://www.uasd.net/,IN,India,University of Agricultural Sciences, Dharwad,uasd.net,
null,http://www.uktech.ac.in/,IN,India,Uttarakhand Technical University,uktech.ac.in,
null,http://www.uma.ac.in/,IN,India,University of Media Arts,uma.ac.in,
null,http://unical.ac.in/,IN,India,University of Calicut,unical.ac.in,
null,http://www.unigoa.ac.in/,IN,India,Goa University,unigoa.ac.in,
null,http://www.uni-mysore.ac.in/,IN,India,University of Mysore,uni-mysore.ac.in,
null,http://www.unipune.ernet.in/,IN,India,University of Pune,unipune.ernet.in,
null,http://www.uniraj.org/,IN,India,University of Rajasthan,uniraj.org,
null,http://www.unishivaji.ac.in/,IN,India,Shivaji University,unishivaji.ac.in,
null,http://www.unom.ac.in/,IN,India,University of Madras,unom.ac.in,
null,http://www.uohyd.ernet.in/,IN,India,University of Hyderabad,uohyd.ernet.in,
null,http://www.uok.ac.in/,IN,India,University of Kota,uok.ac.in,
null,http://www.uor.org/,IN,India,University of Roorkee,uor.org,
null,http://www.uou.ac.in/,IN,India,Uttarakhand Open University,uou.ac.in,
null,http://www.uptu.ac.in/,IN,India,Uttar Pradesh Technical University,uptu.ac.in,
null,http://www.utkaluniv.org/,IN,India,Utkal University,utkaluniv.org,
null,http://vbspu.ac.in/,IN,India,VBS Purvanchal University,vbspu.ac.in,
null,http://www.vbu.co.in/,IN,India,Vinoba Bhave University,vbu.co.in,
null,http://www.vidyasagar.ac.in/,IN,India,Vidyasagar University,vidyasagar.ac.in,
null,http://www.vignanuniversity.org/,IN,India,Vignan University,vignanuniversity.org,
null,http://www.vikramuniversity.org/,IN,India,Vikram University,vikramuniversity.org,
null,http://www.vinayakamissions.com/,IN,India,Vinayaka Mission's Research Foundation-Deemed University,vinayakamissions.com,
null,http://www.visva-bharati.ac.in/,IN,India,Visva-Bharati University,visva-bharati.ac.in,
Tamil Nadu,http://www.vit.ac.in/,IN,India,Vellore Institute of Technology,vit.ac.in,
null,http://www.vksu-ara.org/,IN,India,Veer Kunwar Singh University,vksu-ara.org,
null,http://www.vmou.ac.in/,IN,India,Vardhaman Mahaveer Open University,vmou.ac.in,
null,http://www.vnitnagpur.ac.in/,IN,India,Visvesvaraya National Institute of Technology,vnitnagpur.ac.in,
null,http://www.vssut.ac.in/,IN,India,Veer Surendra Sai University of Technology,vssut.ac.in,
null,http://www.vtu.ac.in/,IN,India,Visvesvaraya Technological University,vtu.ac.in,
null,http://www.wbuafs.nic.in/,IN,India,West Bengal University of Animal and Fishery Sciences,wbuafs.nic.in,
null,http://www.wbut.net/,IN,India,West Bengal University of Technology,wbut.net,
null,http://www.ycmou.com/,IN,India,Yashawantrao Chavan Maharashtra Open University,ycmou.com,
null,http://www.ysparmaruniversity.org/,IN,India,Dr. YS Parmar University of Horticulture and Forestry,ysparmaruniversity.org,
null,https://www.charusat.ac.in/,IN,India,Charotar University of Science and Technology,charusat.ac.in,
Gujarat,https://www.nuv.ac.in/,IN,India,Navrachana University,nuv.ac.in,
